::1,[29/Jan/2020:02:32:41 -0500],"GET,HTTP/1.1",403 
::1,[29/Jan/2020:03:08:16 -0500],"GET,HTTP/1.1",403 
::1,[29/Jan/2020:03:09:55 -0500],"GET,HTTP/1.1",403 
::1,[29/Jan/2020:03:17:13 -0500],"GET,HTTP/1.1",403 
::1,[29/Jan/2020:03:17:54 -0500],"GET /favicon.ico HTTP/1.1",404 
::1,[29/Jan/2020:03:31:30 -0500],"GET,HTTP/1.1",403 
::1,[29/Jan/2020:03:31:47 -0500],"GET,HTTP/1.1",403 
::1,[29/Jan/2020:03:31:51 -0500],"GET,HTTP/1.1",403 
::1,[29/Jan/2020:03:34:46 -0500],"GET,HTTP/1.1",403 
::1,[29/Jan/2020:03:35:32 -0500],"GET,HTTP/1.1",403 
::1,[29/Jan/2020:03:35:41 -0500],"GET,HTTP/1.1",403 
::1,[29/Jan/2020:03:36:25 -0500],"GET,HTTP/1.1",403 
::1,[29/Jan/2020:03:38:10 -0500],"GET,HTTP/1.1",403 
::1,[29/Jan/2020:03:38:46 -0500],"GET,HTTP/1.1",403 
::1,[29/Jan/2020:03:39:40 -0500],"GET,HTTP/1.1",403 
::1,[29/Jan/2020:03:51:57 -0500],"GET,HTTP/1.1",403 
::1,[29/Jan/2020:03:52:20 -0500],"GET,HTTP/1.1",403 
::1,[29/Jan/2020:03:56:39 -0500],"GET,HTTP/1.1",403 
::1,[29/Jan/2020:03:57:46 -0500],"GET,HTTP/1.1",403 
::1,[29/Jan/2020:03:58:12 -0500],"GET,HTTP/1.1",403 
::1,[29/Jan/2020:04:00:59 -0500],"GET,HTTP/1.1",403 
::1,[29/Jan/2020:04:06:02 -0500],"GET,HTTP/1.1",403 
::1,[29/Jan/2020:04:06:10 -0500],"GET /index HTTP/1.1",403 
::1,[29/Jan/2020:04:08:24 -0500],"GET,HTTP/1.1",403 
::1,[29/Jan/2020:04:08:47 -0500],"GET,HTTP/1.1",403 
::1,[29/Jan/2020:04:10:54 -0500],"GET,HTTP/1.1",200 
::1,[29/Jan/2020:04:12:19 -0500],"GET,HTTP/1.1",200 
::1,[29/Jan/2020:04:13:01 -0500],"HEAD,HTTP/1.1",200,"curl/7.29.0"
::1,[29/Jan/2020:04:14:37 -0500],"GET,HTTP/1.1",200 
::1,[29/Jan/2020:04:14:47 -0500],"HEAD,HTTP/1.1",200,"curl/7.29.0"
::1,[29/Jan/2020:04:14:52 -0500],"HEAD,HTTP/1.1",200,"curl/7.29.0"
::1,[29/Jan/2020:04:14:54 -0500],"HEAD,HTTP/1.1",200,"curl/7.29.0"
::1,[29/Jan/2020:04:15:19 -0500],"GET,HTTP/1.1",200 
::1,[29/Jan/2020:04:15:26 -0500],"GET,HTTP/1.1",200 
::1,[29/Jan/2020:04:15:33 -0500],"HEAD,HTTP/1.1",200,"curl/7.29.0"
::1,[29/Jan/2020:04:16:03 -0500],"GET,HTTP/1.1",200 
::1,[29/Jan/2020:04:16:12 -0500],"HEAD,HTTP/1.1",200,"curl/7.29.0"
::1,[29/Jan/2020:04:16:20 -0500],"HEAD,HTTP/1.1",200,"curl/7.29.0"
::1,[29/Jan/2020:04:16:25 -0500],"GET,HTTP/1.1",200 
::1,[29/Jan/2020:04:16:41 -0500],"GET,HTTP/1.1",200 
::1,[29/Jan/2020:04:16:48 -0500],"GET,HTTP/1.1",200 
::1,[29/Jan/2020:04:16:52 -0500],"GET,HTTP/1.1",200 
::1,[29/Jan/2020:04:17:06 -0500],"GET,HTTP/1.1",200 
::1,[29/Jan/2020:04:19:00 -0500],"GET,HTTP/1.1",200 
::1,[29/Jan/2020:04:19:03 -0500],"GET,HTTP/1.1",200 
::1,[29/Jan/2020:04:19:08 -0500],"GET,HTTP/1.1",200 
::1,[29/Jan/2020:04:19:13 -0500],"GET,HTTP/1.1",200 
::1,[29/Jan/2020:04:19:38 -0500],"GET,HTTP/1.1",200 
::1,[29/Jan/2020:04:19:53 -0500],"GET,HTTP/1.1",200 
::1,[29/Jan/2020:04:19:57 -0500],"GET,HTTP/1.1",200 
::1,[29/Jan/2020:04:21:48 -0500],"GET,HTTP/1.1",200 
::1,[29/Jan/2020:04:24:42 -0500],"GET,HTTP/1.1",200 
::1,[29/Jan/2020:04:42:52 -0500],"GET,HTTP/1.1",200 
::1,[29/Jan/2020:04:48:44 -0500],"GET,HTTP/1.1",200 
::1,[29/Jan/2020:04:48:55 -0500],"GET,HTTP/1.1",200 
::1,[29/Jan/2020:04:49:00 -0500],"GET,HTTP/1.1",200 
::1,[29/Jan/2020:04:49:22 -0500],"GET,HTTP/1.1",200 
::1,[29/Jan/2020:04:49:26 -0500],"GET,HTTP/1.1",403 
::1,[29/Jan/2020:05:39:06 -0500],"GET,HTTP/1.1",200 
::1,[29/Jan/2020:05:59:56 -0500],"GET,HTTP/1.1",200 
::1,[29/Jan/2020:06:09:21 -0500],"GET,HTTP/1.1",200 
::1,[29/Jan/2020:06:22:46 -0500],"GET,HTTP/1.1",200 
::1,[29/Jan/2020:06:23:03 -0500],"\x16\x03\x01\x01\x1c\x01",400 
::1,[29/Jan/2020:06:25:57 -0500],"\x16\x03\x01",400 
::1,[29/Jan/2020:06:26:03 -0500],"\x16\x03\x01",400 
::1,[29/Jan/2020:06:26:16 -0500],"\x16\x03\x01\x01\x1c\x01",400 
::1,[29/Jan/2020:06:28:01 -0500],"\x16\x03\x01",400 
::1,[29/Jan/2020:06:30:10 -0500,400 
::1,[29/Jan/2020:06:32:23 -0500,400 
::1,[29/Jan/2020:06:33:12 -0500],"GET,HTTP/1.1",200 
::1,[29/Jan/2020:06:33:16 -0500],"GET,HTTP/1.1",200 
::1,[29/Jan/2020:06:37:58 -0500],"GET,HTTP/1.1",200 
::1,[29/Jan/2020:06:37:58 -0500],"GET,HTTP/1.0",400 
::1,[29/Jan/2020:06:38:22 -0500],"GET,HTTP/1.0",400 
::1,[29/Jan/2020:06:39:37 -0500],"GET,HTTP/1.1",200 
::1,[29/Jan/2020:06:40:36 -0500,400 
::1,[29/Jan/2020:06:40:53 -0500],"\x1b[A",400 
::1,[29/Jan/2020:06:41:28 -0500],"quit",400 
::1,[29/Jan/2020:06:41:52 -0500],"quit",400 
::1,[29/Jan/2020:06:42:38 -0500],"quit",400 
::1,[29/Jan/2020:06:47:26 -0500],"GET,HTTP/1.1",200 
::1,[29/Jan/2020:06:47:26 -0500],"GET,HTTP/1.1",200 
::1,[29/Jan/2020:09:41:42 -0500],"GET,HTTP/1.1",200 
::1,[29/Jan/2020:09:43:49 -0500],"GET,HTTP/1.1",200 
::1,[29/Jan/2020:09:54:19 -0500],"GET,HTTP/1.1",200 
::1,[29/Jan/2020:09:55:24 -0500],"GET,HTTP/1.1",200 
::1,[29/Jan/2020:11:40:04 -0500],"GET,HTTP/1.1",200 
127.0.0.1,[29/Jan/2020:11:40:12 -0500],"GET,HTTP/1.1",200 
127.0.0.1,[29/Jan/2020:12:58:11 -0500],"GET,HTTP/1.1",200 
::1,[29/Jan/2020:13:01:31 -0500],"GET,HTTP/1.1",200 
127.0.0.1,[29/Jan/2020:13:01:31 -0500],"GET,HTTP/1.1",200 
::1,[30/Jan/2020:01:55:25 -0500],"GET,HTTP/1.1",200 
::1,[30/Jan/2020:01:55:27 -0500],"GET,HTTP/1.1",200 
127.0.0.1,[30/Jan/2020:01:55:27 -0500],"GET,HTTP/1.1",200 
127.0.0.1,[30/Jan/2020:01:55:27 -0500],"GET,HTTP/1.1",200 
::1,[30/Jan/2020:02:12:31 -0500],"GET,HTTP/1.1",200 
::1,[30/Jan/2020:02:12:31 -0500],"GET,HTTP/1.1",200 
127.0.0.1,[30/Jan/2020:02:12:31 -0500],"GET,HTTP/1.1",200 
127.0.0.1,[30/Jan/2020:02:12:31 -0500],"GET,HTTP/1.1",200 
::1,[30/Jan/2020:02:12:38 -0500],"GET,HTTP/1.1",403 
::1,[30/Jan/2020:02:19:26 -0500],"GET,HTTP/1.1",200 
::1,[30/Jan/2020:02:19:39 -0500],"GET,HTTP/1.1",200 
::1,[30/Jan/2020:02:20:39 -0500],"GET,HTTP/1.1",200 
::1,[30/Jan/2020:02:31:11 -0500],"GET,HTTP/1.1",200 
::1,[30/Jan/2020:02:31:17 -0500],"GET /file.exe HTTP/1.1",200 
::1,[30/Jan/2020:02:32:10 -0500],"GET,HTTP/1.1",200 
::1,[30/Jan/2020:02:32:15 -0500],"GET,HTTP/1.1",200 
::1,[30/Jan/2020:02:32:18 -0500],"GET,HTTP/1.1",200 
::1,[30/Jan/2020:02:32:45 -0500],"GET /file.exe HTTP/1.1",200 
::1,[30/Jan/2020:07:17:39 -0500],"GET,HTTP/1.1",200 
::1,[30/Jan/2020:07:17:40 -0500],"GET,HTTP/1.1",200 
::1,[30/Jan/2020:07:18:03 -0500],"GET /VBoxWindowsAdditions-amd64.exe HTTP/1.1",403 
::1,[30/Jan/2020:07:18:12 -0500],"GET,HTTP/1.1",403 
::1,[30/Jan/2020:07:18:48 -0500],"GET,HTTP/1.1",200 
::1,[30/Jan/2020:07:18:48 -0500],"GET,HTTP/1.1",200 
::1,[30/Jan/2020:07:18:56 -0500],"GET,HTTP/1.1",403 
::1,[30/Jan/2020:07:20:02 -0500],"GET,HTTP/1.1",200 
::1,[30/Jan/2020:07:20:03 -0500],"GET,HTTP/1.1",200 
::1,[30/Jan/2020:07:21:13 -0500],"GET,HTTP/1.1",403 
::1,[30/Jan/2020:07:21:21 -0500],"GET,HTTP/1.1",403 
::1,[30/Jan/2020:07:24:20 -0500],"GET,HTTP/1.1",200 
::1,[30/Jan/2020:07:24:45 -0500],"GET,HTTP/1.1",200 
::1,[30/Jan/2020:07:24:45 -0500],"GET,HTTP/1.1",200 
::1,[30/Jan/2020:07:28:12 -0500],"GET /VBoxWindowsAdditions-amd64.exe HTTP/1.1",200 
::1,[30/Jan/2020:07:28:49 -0500],"GET /VBoxWindowsAdditions-amd64.exe HTTP/1.1",200 
::1,[30/Jan/2020:07:29:25 -0500],"GET /VBoxWindowsAdditions-amd64.exe HTTP/1.1",200 
::1,[30/Jan/2020:07:30:32 -0500],"GET /VBoxWindowsAdditions-amd64.exe HTTP/1.1",200 
::1,[30/Jan/2020:07:34:07 -0500],"GET /VBoxWindowsAdditions-amd64.exe HTTP/1.1",200 
::1,[30/Jan/2020:07:35:56 -0500],"GET /VBoxWindowsAdditions-amd64.exe HTTP/1.1",200 
::1,[30/Jan/2020:07:36:53 -0500],"GET,HTTP/1.1",200 
::1,[30/Jan/2020:07:37:43 -0500],"GET,HTTP/1.1",200 
::1,[30/Jan/2020:07:37:47 -0500],"GET,HTTP/1.1",200 
::1,[30/Jan/2020:07:37:47 -0500],"GET,HTTP/1.1",200 
::1,[30/Jan/2020:07:37:48 -0500],"GET,HTTP/1.1",200 
::1,[30/Jan/2020:07:37:48 -0500],"GET,HTTP/1.1",200 
::1,[30/Jan/2020:07:40:47 -0500],"GET /VBoxWindowsAdditions-amd64.exe HTTP/1.1",200 
::1,[30/Jan/2020:07:40:54 -0500],"GET /VBoxWindowsAdditions-amd64.exe HTTP/1.1",200 
::1,[30/Jan/2020:07:42:11 -0500],"GET /VBoxWindowsAdditions-amd64.exe HTTP/1.1",200 
::1,[30/Jan/2020:07:44:56 -0500],"GET /VBoxWindowsAdditions-amd64.exe HTTP/1.1",200 
::1,[30/Jan/2020:08:09:21 -0500],"GET /VBoxWindowsAdditions-amd64.exe HTTP/1.1",200 
::1,[30/Jan/2020:10:42:23 -0500],"GET,HTTP/1.1",200 
::1,[30/Jan/2020:10:42:24 -0500],"GET,HTTP/1.1",200 
127.0.0.1,[30/Jan/2020:10:42:24 -0500],"GET,HTTP/1.1",200 
127.0.0.1,[30/Jan/2020:10:42:24 -0500],"GET,HTTP/1.1",200 
